cw_id,metric,metric_label,S1_mean,S1_sd,S1_mean_sd,S2_mean,S2_sd,S2_mean_sd,S3_mean,S3_sd,S3_mean_sd,S2_vs_S1_improvement_pct,S3_vs_S1_improvement_pct,elderly_risk_reduction_rate_pct,normal_risk_reduction_rate_pct,risk_reduction_rate_pct
CW1,vehicle_avg_wait_sec,차량 평균 대기시간(초/대),48.04564911081148,1.9050937851520962,48.05±1.91,45.85153143812286,2.068658197381076,45.85±2.07,44.50870187629946,1.7084104935882234,44.51±1.71,4.566735413706562,7.361638982864981,,,
CW1,vehicle_max_queue_veh,차량 최대 대기행렬(대),31.4,0.5477225575051661,31.40±0.55,34.0,1.7320508075688772,34.00±1.73,30.6,1.3416407864998738,30.60±1.34,-8.280254777070068,2.5477707006369337,,,
CW1,ped_avg_wait_sec,보행자 평균 대기시간(초/인),19.247035460666172,1.2124489653238488,19.25±1.21,18.126833378447724,1.0972422631151142,18.13±1.10,18.997704791148557,0.9858410234494107,19.00±0.99,5.820127907530108,1.2954237551396157,,,
CW1,pet_mean_sec,PET 평균(초),0.45741355746042,0.0774634905792631,0.46±0.08,0.5062625770913872,0.029939183939560247,0.51±0.03,0.5096883226072919,0.0639565079818043,0.51±0.06,10.679399163894288,11.428337506457762,,,
CW1,elderly_pet_mean_sec,고령자 PET 평균(초),0.3364864864864865,0.18897188292097017,0.34±0.19,0.6129445234708393,0.3458115684774306,0.61±0.35,0.5317211948790896,0.4008331923220847,0.53±0.40,82.16021982667512,58.02155992390615,,,
CW1,normal_pet_mean_sec,일반 보행자 PET 평균(초),0.47588520055325034,0.08849540094863313,0.48±0.09,0.49056790250755056,0.05380271312031464,0.49±0.05,0.5067726638356771,0.06653316923439336,0.51±0.07,3.0853453600218144,6.490528229606192,,,
CW1,severe_conflicts,심각 상충 건수,254.0,3.605551275463989,254.00±3.61,254.8,3.5637059362410923,254.80±3.56,259.0,8.12403840463596,259.00±8.12,-0.3149606299212643,-1.968503937007874,,,
CW1,medium_conflicts,중간 상충 건수,5.0,2.8284271247461903,5.00±2.83,8.2,3.1937438845342623,8.20±3.19,5.6,3.2093613071762426,5.60±3.21,-63.99999999999999,-11.999999999999993,,,
CW1,elderly_severe_conflicts,고령자 심각 상충 건수,34.4,1.1401754250991378,34.40±1.14,32.2,2.16794833886788,32.20±2.17,33.8,1.6431676725154984,33.80±1.64,6.39534883720929,1.7441860465116321,,,
CW1,normal_severe_conflicts,일반 보행자 심각 상충 건수,219.6,2.966479394838265,219.60±2.97,222.6,4.722287581247038,222.60±4.72,225.2,7.981227975693965,225.20±7.98,-1.366120218579235,-2.550091074681236,,,
CW1,elderly_incomplete_crossing,고령자 신호 내 횡단 미완료,1.8,1.0954451150103324,1.80±1.10,1.2,0.8366600265340756,1.20±0.84,1.0,1.224744871391589,1.00±1.22,33.333333333333336,44.44444444444445,,,
CW1,normal_incomplete_crossing,일반 보행자 신호 내 횡단 미완료,11.6,3.1304951684997055,11.60±3.13,9.4,2.3021728866442674,9.40±2.30,6.2,3.898717737923586,6.20±3.90,18.965517241379303,46.55172413793103,,,
CW1,elderly_risk_score,고령자 가중 위험도(1인당),2.337087087087087,0.0767273143962967,2.34±0.08,2.163940256045519,0.14338758987715886,2.16±0.14,2.2713371266002844,0.10285009007970064,2.27±0.10,7.40865977987048,2.8133295010735875,7.40865977987048,,
CW1,normal_risk_score,일반 보행자 위험도(1인당),0.9134854771784232,0.012894061747447996,0.91±0.01,0.8961258816261315,0.016023594729883288,0.90±0.02,0.9071645346065985,0.021002572925475003,0.91±0.02,1.900369079310608,0.6919587371382019,,1.900369079310608,
CW1,total_risk_score,통합 위험도(1인당),1.1024769950167632,0.019206882749230582,1.10±0.02,1.0613808399033795,0.01965486853985819,1.06±0.02,1.0850799378774543,0.023109166510759064,1.09±0.02,3.7276201951732193,1.5779972931811084,,,3.7276201951732193
CW1,spillback_count,spillback 발생 횟수,93.6,29.74558790812513,93.60±29.75,174.0,34.022051672408,174.00±34.02,130.8,33.51417610504546,130.80±33.51,-85.89743589743591,-39.743589743589766,,,
CW2,vehicle_avg_wait_sec,차량 평균 대기시간(초/대),52.656368750967296,1.2401448520027294,52.66±1.24,54.34488093185221,1.461825821472267,54.34±1.46,45.27458940916908,6.3451488040481445,45.27±6.35,-3.2066627854088314,14.018777817189704,,,
CW2,vehicle_max_queue_veh,차량 최대 대기행렬(대),20.2,1.3038404810405297,20.20±1.30,22.2,0.4472135954999579,22.20±0.45,17.6,2.966479394838265,17.60±2.97,-9.900990099009901,12.871287128712861,,,
CW2,ped_avg_wait_sec,보행자 평균 대기시간(초/인),24.159079726851825,1.831317950344098,24.16±1.83,23.89873846705074,1.1785667782241995,23.90±1.18,22.68095419278769,1.7509312759903275,22.68±1.75,1.077612486669869,6.118302314393449,,,
CW2,pet_mean_sec,PET 평균(초),4.456733810033054,1.652512991186238,4.46±1.65,5.437254717940325,1.8694053721288704,5.44±1.87,8.559279143095809,3.2214806976104655,8.56±3.22,22.000885619417314,92.05273431020392,,,
CW2,elderly_pet_mean_sec,고령자 PET 평균(초),5.315322147028832,2.4659640102797797,5.32±2.47,5.190522469857508,2.7484524575507967,5.19±2.75,8.495164840757848,3.317760750109009,8.50±3.32,-2.3479231120748634,59.82408226200345,,,
CW2,normal_pet_mean_sec,일반 보행자 PET 평균(초),4.184032077823708,1.4554195688449585,4.18±1.46,5.513557188067682,1.6587843156618587,5.51±1.66,8.580421160046072,3.2012928844583,8.58±3.20,31.776169147716395,105.07541530391688,,,
CW2,severe_conflicts,심각 상충 건수,253.6,7.956129712366435,253.60±7.96,250.2,6.496152707564685,250.20±6.50,219.6,9.289779329994873,219.60±9.29,1.3406940063091506,13.406940063091483,,,
CW2,medium_conflicts,중간 상충 건수,2.8,1.4832396974191326,2.80±1.48,2.0,1.0,2.00±1.00,3.2,3.3466401061363023,3.20±3.35,28.571428571428566,-14.285714285714299,,,
CW2,elderly_severe_conflicts,고령자 심각 상충 건수,59.4,2.1908902300206647,59.40±2.19,59.8,2.863564212655271,59.80±2.86,53.4,2.0736441353327724,53.40±2.07,-0.673400673400671,10.1010101010101,,,
CW2,normal_severe_conflicts,일반 보행자 심각 상충 건수,194.2,6.760177512462228,194.20±6.76,190.4,3.8470768123342687,190.40±3.85,166.2,7.8230428862431785,166.20±7.82,1.9567456230689921,14.418125643666324,,,
CW2,elderly_incomplete_crossing,고령자 신호 내 횡단 미완료,5.2,2.16794833886788,5.20±2.17,5.2,2.588435821108957,5.20±2.59,2.6,1.5165750888103102,2.60±1.52,0.0,50.0,,,
CW2,normal_incomplete_crossing,일반 보행자 신호 내 횡단 미완료,10.8,3.96232255123179,10.80±3.96,11.4,3.6469165057620936,11.40±3.65,7.4,2.701851217221259,7.40±2.70,-5.555555555555552,31.48148148148148,,,
CW2,elderly_risk_score,고령자 가중 위험도(1인당),2.1468295170112173,0.09601752694916504,2.15±0.10,2.160418950188771,0.10107969868536984,2.16±0.10,1.9690040844371492,0.07244901496472246,1.97±0.07,-0.6330001087591202,8.283165065740004,-0.6330001087591202,,
CW2,normal_risk_score,일반 보행자 위험도(1인당),0.8868768731028377,0.03421517315450742,0.89±0.03,0.8710055182972111,0.017791467379977548,0.87±0.02,0.7831219937935997,0.03308827836475918,0.78±0.03,1.7895781575743337,11.698904600617215,,1.7895781575743337,
CW2,total_risk_score,통합 위험도(1인당),1.189383643880752,0.04480303108682367,1.19±0.04,1.1809960173382192,0.03551448244593346,1.18±0.04,1.0702906466915474,0.03889074494986003,1.07±0.04,0.7052078263969817,10.013001086901177,,,0.7052078263969817
CW2,spillback_count,spillback 발생 횟수,0.0,0.0,0.00±0.00,0.0,0.0,0.00±0.00,0.0,0.0,0.00±0.00,,,,,
CW3,vehicle_avg_wait_sec,차량 평균 대기시간(초/대),135.5236264385983,7.606700824825394,135.52±7.61,129.42379216463402,9.679053481908126,129.42±9.68,129.201680045444,4.809365931533058,129.20±4.81,4.500937906002643,4.664829712196791,,,
CW3,vehicle_max_queue_veh,차량 최대 대기행렬(대),22.0,0.0,22.00±0.00,22.0,0.0,22.00±0.00,22.0,0.0,22.00±0.00,0.0,0.0,,,
CW3,ped_avg_wait_sec,보행자 평균 대기시간(초/인),14.701812725667427,1.321517457223488,14.70±1.32,14.86272575331265,1.5652691262823977,14.86±1.57,14.470016729010279,0.906256225212262,14.47±0.91,-1.0945114772431486,1.5766490907101725,,,
CW3,pet_mean_sec,PET 평균(초),0.5540031729243786,0.16711134349164705,0.55±0.17,0.4562189317821259,0.07203740510387403,0.46±0.07,0.38746736801090986,0.4235353892776359,0.39±0.42,-17.650483954105482,-30.060442440137592,,,
CW3,elderly_pet_mean_sec,고령자 PET 평균(초),0.13333333333333333,0.29814239699997197,0.13±0.30,0.13333333333333333,0.29814239699997197,0.13±0.30,0.25,0.15309310892394862,0.25±0.15,0.0,87.5,,,
CW3,normal_pet_mean_sec,일반 보행자 PET 평균(초),0.6162876955329786,0.22157890642159347,0.62±0.22,0.5040584851905606,0.10028235541183628,0.50±0.10,0.40845852187028664,0.5104805173126269,0.41±0.51,-18.210522643221,-33.722752404290155,,,
CW3,severe_conflicts,심각 상충 건수,55.8,1.6431676725154982,55.80±1.64,56.6,1.1401754250991378,56.60±1.14,56.0,1.224744871391589,56.00±1.22,-1.433691756272409,-0.35842293906810546,,,
CW3,medium_conflicts,중간 상충 건수,0.4,0.5477225575051662,0.40±0.55,0.2,0.447213595499958,0.20±0.45,0.6,0.8944271909999159,0.60±0.89,50.0,-49.999999999999986,,,
CW3,elderly_severe_conflicts,고령자 심각 상충 건수,8.0,0.0,8.00±0.00,8.0,0.0,8.00±0.00,7.2,0.44721359549995787,7.20±0.45,0.0,9.999999999999998,,,
CW3,normal_severe_conflicts,일반 보행자 심각 상충 건수,47.8,1.6431676725154982,47.80±1.64,48.6,1.1401754250991378,48.60±1.14,48.8,1.3038404810405297,48.80±1.30,-1.6736401673640255,-2.0920502092050213,,,
CW3,elderly_incomplete_crossing,고령자 신호 내 횡단 미완료,1.6,1.140175425099138,1.60±1.14,1.8,1.4832396974191326,1.80±1.48,0.6,0.5477225575051662,0.60±0.55,-12.499999999999996,62.5,,,
CW3,normal_incomplete_crossing,일반 보행자 신호 내 횡단 미완료,8.2,2.4899799195977463,8.20±2.49,7.2,2.16794833886788,7.20±2.17,2.4,2.3021728866442674,2.40±2.30,12.195121951219502,70.73170731707317,,,
CW3,elderly_risk_score,고령자 가중 위험도(1인당),0.9523809523809523,0.0,0.95±0.00,0.9523809523809523,0.0,0.95±0.00,0.8571428571428571,0.05323971374999495,0.86±0.05,0.0,10.0,0.0,,
CW3,normal_risk_score,일반 보행자 위험도(1인당),0.3593984962406015,0.012354644154251866,0.36±0.01,0.3648524295814162,0.0077653260841898785,0.36±0.01,0.3680507445917039,0.010527342418819289,0.37±0.01,-1.5175170174233459,-2.407424750411337,,-1.5175170174233459,
CW3,total_risk_score,통합 위험도(1인당),0.44025974025974024,0.010669919951399343,0.44±0.01,0.4448680351906158,0.0065730896295711,0.44±0.01,0.4349099903891175,0.009341261537289305,0.43±0.01,-1.04672185745551,1.2151349263656406,,,-1.04672185745551
CW3,spillback_count,spillback 발생 횟수,0.0,0.0,0.00±0.00,0.0,0.0,0.00±0.00,0.0,0.0,0.00±0.00,,,,,
CW4,vehicle_avg_wait_sec,차량 평균 대기시간(초/대),51.85052631578948,1.0020864659891175,51.85±1.00,51.357894736842105,0.3543946498848927,51.36±0.35,36.31307967082655,11.91064815056462,36.31±11.91,0.9500994762272239,29.965841716502457,,,
CW4,vehicle_max_queue_veh,차량 최대 대기행렬(대),8.0,0.0,8.00±0.00,8.0,0.0,8.00±0.00,6.0,2.0,6.00±2.00,0.0,25.0,,,
CW4,ped_avg_wait_sec,보행자 평균 대기시간(초/인),23.455250032387617,1.335393117852826,23.46±1.34,23.71455499417023,1.0906840030475542,23.71±1.09,23.3416213240057,1.22909257685508,23.34±1.23,-1.105530580251995,0.4844489324352352,,,
CW4,pet_mean_sec,PET 평균(초),6.848915599686438,2.4790994142541005,6.85±2.48,6.886323130569546,2.0973639713183254,6.89±2.10,18.22281822051937,8.425803078014944,18.22±8.43,0.5461818055521188,166.0686637948007,,,
CW4,elderly_pet_mean_sec,고령자 PET 평균(초),6.0285714285714285,4.811921844412551,6.03±4.81,4.2142857142857135,3.0232939192954724,4.21±3.02,21.338461538461537,10.578643074077753,21.34±10.58,-30.09478672985783,253.95552314983593,,,
CW4,normal_pet_mean_sec,일반 보행자 PET 평균(초),7.009001522070015,2.0924824850452466,7.01±2.09,7.3962739726027396,1.9230479263601963,7.40±1.92,17.6262691377921,8.044221872053237,17.63±8.04,5.52535834545444,151.48045812645816,,,
CW4,severe_conflicts,심각 상충 건수,63.8,2.3874672772626644,63.80±2.39,65.0,2.9154759474226504,65.00±2.92,48.8,12.00833044182246,48.80±12.01,-1.8808777429467132,23.510971786833856,,,
CW4,medium_conflicts,중간 상충 건수,1.0,1.0,1.00±1.00,1.4,1.51657508881031,1.40±1.52,1.0,0.7071067811865476,1.00±0.71,-39.99999999999999,0.0,,,
CW4,elderly_severe_conflicts,고령자 심각 상충 건수,10.8,1.7888543819998317,10.80±1.79,11.6,1.1401754250991378,11.60±1.14,6.8,2.16794833886788,6.80±2.17,-7.407407407407398,37.03703703703704,,,
CW4,normal_severe_conflicts,일반 보행자 심각 상충 건수,53.0,1.7320508075688772,53.00±1.73,53.4,2.0736441353327724,53.40±2.07,42.0,10.074720839804943,42.00±10.07,-0.7547169811320728,20.754716981132077,,,
CW4,elderly_incomplete_crossing,고령자 신호 내 횡단 미완료,1.8,1.3038404810405297,1.80±1.30,1.8,0.44721359549995804,1.80±0.45,1.6,1.5165750888103102,1.60±1.52,0.0,11.111111111111107,,,
CW4,normal_incomplete_crossing,일반 보행자 신호 내 횡단 미완료,11.8,4.147288270665544,11.80±4.15,10.6,3.7815340802378072,10.60±3.78,11.6,5.319774431308154,11.60±5.32,10.169491525423737,1.6949152542372972,,,
CW4,elderly_risk_score,고령자 가중 위험도(1인당),0.7499999999999999,0.1242259987499883,0.75±0.12,0.8055555555555556,0.07917884896521794,0.81±0.08,0.4722222222222222,0.1505519679769361,0.47±0.15,-7.407407407407426,37.03703703703703,-7.407407407407426,,
CW4,normal_risk_score,일반 보행자 위험도(1인당),0.27925678069519344,0.009620874514217467,0.28±0.01,0.281328743615875,0.010206736889663169,0.28±0.01,0.22182121971595653,0.05351810829003075,0.22±0.05,-0.7419561722095123,20.56729324038415,,-0.7419561722095123,
CW4,total_risk_score,통합 위험도(1인당),0.35428007571721265,0.020292310143622785,0.35±0.02,0.3648859347047332,0.01871130023743266,0.36±0.02,0.261811209439528,0.06689665228688402,0.26±0.07,-2.993636875020361,26.100498621179458,,,-2.993636875020361
CW4,spillback_count,spillback 발생 횟수,0.0,0.0,0.00±0.00,0.0,0.0,0.00±0.00,0.0,0.0,0.00±0.00,,,,,
CW5,vehicle_avg_wait_sec,차량 평균 대기시간(초/대),298.86812784455594,24.580837534215693,298.87±24.58,267.22286997885834,35.04078252075862,267.22±35.04,279.6339470570837,23.423852749097282,279.63±23.42,10.588368219095143,6.4356747995143,,,
CW5,vehicle_max_queue_veh,차량 최대 대기행렬(대),3.4,0.5477225575051661,3.40±0.55,3.8,1.3038404810405297,3.80±1.30,4.0,0.0,4.00±0.00,-11.764705882352938,-17.647058823529417,,,
CW5,ped_avg_wait_sec,보행자 평균 대기시간(초/인),0.03596015070395182,0.005434486389722168,0.04±0.01,0.03596004200231317,0.013045522424123589,0.04±0.01,0.037790123204591686,0.00977031801571279,0.04±0.01,0.0003022836014885697,-5.088889965187953,,,
CW5,pet_mean_sec,PET 평균(초),,,NA,,,NA,,,NA,,,,,
CW5,elderly_pet_mean_sec,고령자 PET 평균(초),,,NA,,,NA,,,NA,,,,,
CW5,normal_pet_mean_sec,일반 보행자 PET 평균(초),,,NA,,,NA,,,NA,,,,,
CW5,severe_conflicts,심각 상충 건수,0.0,0.0,0.00±0.00,0.0,0.0,0.00±0.00,0.0,0.0,0.00±0.00,,,,,
CW5,medium_conflicts,중간 상충 건수,0.0,0.0,0.00±0.00,0.0,0.0,0.00±0.00,0.0,0.0,0.00±0.00,,,,,
CW5,elderly_severe_conflicts,고령자 심각 상충 건수,0.0,0.0,0.00±0.00,0.0,0.0,0.00±0.00,0.0,0.0,0.00±0.00,,,,,
CW5,normal_severe_conflicts,일반 보행자 심각 상충 건수,0.0,0.0,0.00±0.00,0.0,0.0,0.00±0.00,0.0,0.0,0.00±0.00,,,,,
CW5,elderly_incomplete_crossing,고령자 신호 내 횡단 미완료,0.0,0.0,0.00±0.00,0.0,0.0,0.00±0.00,0.0,0.0,0.00±0.00,,,,,
CW5,normal_incomplete_crossing,일반 보행자 신호 내 횡단 미완료,0.0,0.0,0.00±0.00,0.0,0.0,0.00±0.00,0.0,0.0,0.00±0.00,,,,,
CW5,elderly_risk_score,고령자 가중 위험도(1인당),,,NA,,,NA,,,NA,,,,,
CW5,normal_risk_score,일반 보행자 위험도(1인당),,,NA,,,NA,,,NA,,,,,
CW5,total_risk_score,통합 위험도(1인당),,,NA,,,NA,,,NA,,,,,
CW5,spillback_count,spillback 발생 횟수,0.0,0.0,0.00±0.00,0.0,0.0,0.00±0.00,0.0,0.0,0.00±0.00,,,,,
CW6,vehicle_avg_wait_sec,차량 평균 대기시간(초/대),,,NA,,,NA,,,NA,,,,,
CW6,vehicle_max_queue_veh,차량 최대 대기행렬(대),0.0,0.0,0.00±0.00,0.0,0.0,0.00±0.00,0.0,0.0,0.00±0.00,,,,,
CW6,ped_avg_wait_sec,보행자 평균 대기시간(초/인),0.05944335545440219,0.010169168319357576,0.06±0.01,0.06481105064148798,0.00948206997683447,0.06±0.01,0.06617518608695702,0.015968950099878636,0.07±0.02,-9.029933027928145,-11.324782359768841,,,
CW6,pet_mean_sec,PET 평균(초),,,NA,,,NA,,,NA,,,,,
CW6,elderly_pet_mean_sec,고령자 PET 평균(초),,,NA,,,NA,,,NA,,,,,
CW6,normal_pet_mean_sec,일반 보행자 PET 평균(초),,,NA,,,NA,,,NA,,,,,
CW6,severe_conflicts,심각 상충 건수,0.0,0.0,0.00±0.00,0.0,0.0,0.00±0.00,0.0,0.0,0.00±0.00,,,,,
CW6,medium_conflicts,중간 상충 건수,0.0,0.0,0.00±0.00,0.0,0.0,0.00±0.00,0.0,0.0,0.00±0.00,,,,,
CW6,elderly_severe_conflicts,고령자 심각 상충 건수,0.0,0.0,0.00±0.00,0.0,0.0,0.00±0.00,0.0,0.0,0.00±0.00,,,,,
CW6,normal_severe_conflicts,일반 보행자 심각 상충 건수,0.0,0.0,0.00±0.00,0.0,0.0,0.00±0.00,0.0,0.0,0.00±0.00,,,,,
CW6,elderly_incomplete_crossing,고령자 신호 내 횡단 미완료,0.0,0.0,0.00±0.00,0.0,0.0,0.00±0.00,0.0,0.0,0.00±0.00,,,,,
CW6,normal_incomplete_crossing,일반 보행자 신호 내 횡단 미완료,0.0,0.0,0.00±0.00,0.0,0.0,0.00±0.00,0.0,0.0,0.00±0.00,,,,,
CW6,elderly_risk_score,고령자 가중 위험도(1인당),,,NA,,,NA,,,NA,,,,,
CW6,normal_risk_score,일반 보행자 위험도(1인당),,,NA,,,NA,,,NA,,,,,
CW6,total_risk_score,통합 위험도(1인당),,,NA,,,NA,,,NA,,,,,
CW6,spillback_count,spillback 발생 횟수,0.0,0.0,0.00±0.00,0.0,0.0,0.00±0.00,0.0,0.0,0.00±0.00,,,,,
CW7,vehicle_avg_wait_sec,차량 평균 대기시간(초/대),,,NA,,,NA,,,NA,,,,,
CW7,vehicle_max_queue_veh,차량 최대 대기행렬(대),0.0,0.0,0.00±0.00,0.0,0.0,0.00±0.00,0.0,0.0,0.00±0.00,,,,,
CW7,ped_avg_wait_sec,보행자 평균 대기시간(초/인),31.03207038532124,1.587011722136321,31.03±1.59,31.130773319160244,1.5661897432974619,31.13±1.57,31.131064346865507,1.4666150561244296,31.13±1.47,-0.31806751084739776,-0.31900533968591593,,,
CW7,pet_mean_sec,PET 평균(초),,,NA,,,NA,,,NA,,,,,
CW7,elderly_pet_mean_sec,고령자 PET 평균(초),,,NA,,,NA,,,NA,,,,,
CW7,normal_pet_mean_sec,일반 보행자 PET 평균(초),,,NA,,,NA,,,NA,,,,,
CW7,severe_conflicts,심각 상충 건수,0.0,0.0,0.00±0.00,0.0,0.0,0.00±0.00,0.0,0.0,0.00±0.00,,,,,
CW7,medium_conflicts,중간 상충 건수,0.0,0.0,0.00±0.00,0.0,0.0,0.00±0.00,0.0,0.0,0.00±0.00,,,,,
CW7,elderly_severe_conflicts,고령자 심각 상충 건수,0.0,0.0,0.00±0.00,0.0,0.0,0.00±0.00,0.0,0.0,0.00±0.00,,,,,
CW7,normal_severe_conflicts,일반 보행자 심각 상충 건수,0.0,0.0,0.00±0.00,0.0,0.0,0.00±0.00,0.0,0.0,0.00±0.00,,,,,
CW7,elderly_incomplete_crossing,고령자 신호 내 횡단 미완료,14.8,3.7682887362833544,14.80±3.77,14.2,2.588435821108957,14.20±2.59,14.0,3.7416573867739413,14.00±3.74,4.054054054054063,5.40540540540541,,,
CW7,normal_incomplete_crossing,일반 보행자 신호 내 횡단 미완료,27.4,5.029910535983716,27.40±5.03,27.6,7.162401831787993,27.60±7.16,26.6,5.029910535983716,26.60±5.03,-0.7299270072992805,2.91970802919707,,,
CW7,elderly_risk_score,고령자 가중 위험도(1인당),0.0,0.0,0.00±0.00,0.0,0.0,0.00±0.00,0.0,0.0,0.00±0.00,,,,,
CW7,normal_risk_score,일반 보행자 위험도(1인당),0.0,0.0,0.00±0.00,0.0,0.0,0.00±0.00,0.0,0.0,0.00±0.00,,,,,
CW7,total_risk_score,통합 위험도(1인당),0.0,0.0,0.00±0.00,0.0,0.0,0.00±0.00,0.0,0.0,0.00±0.00,,,,,
CW7,spillback_count,spillback 발생 횟수,0.0,0.0,0.00±0.00,0.0,0.0,0.00±0.00,0.0,0.0,0.00±0.00,,,,,
CW8,vehicle_avg_wait_sec,차량 평균 대기시간(초/대),52.02308396247999,1.0377064136057788,52.02±1.04,51.521345229924506,0.4094396575131865,51.52±0.41,36.229481408051136,12.487792852478627,36.23±12.49,0.9644540352843057,30.358835638847342,,,
CW8,vehicle_max_queue_veh,차량 최대 대기행렬(대),0.0,0.0,0.00±0.00,0.0,0.0,0.00±0.00,0.0,0.0,0.00±0.00,,,,,
CW8,ped_avg_wait_sec,보행자 평균 대기시간(초/인),0.03331319234642498,0.004285732283717179,0.03±0.00,0.032112367680170804,0.011432989804546444,0.03±0.01,0.0321580547112462,0.006966457883854371,0.03±0.01,3.6046520362466556,3.467508076579585,,,
CW8,pet_mean_sec,PET 평균(초),,,NA,,,NA,,,NA,,,,,
CW8,elderly_pet_mean_sec,고령자 PET 평균(초),,,NA,,,NA,,,NA,,,,,
CW8,normal_pet_mean_sec,일반 보행자 PET 평균(초),,,NA,,,NA,,,NA,,,,,
CW8,severe_conflicts,심각 상충 건수,0.0,0.0,0.00±0.00,0.0,0.0,0.00±0.00,0.0,0.0,0.00±0.00,,,,,
CW8,medium_conflicts,중간 상충 건수,0.0,0.0,0.00±0.00,0.0,0.0,0.00±0.00,0.0,0.0,0.00±0.00,,,,,
CW8,elderly_severe_conflicts,고령자 심각 상충 건수,0.0,0.0,0.00±0.00,0.0,0.0,0.00±0.00,0.0,0.0,0.00±0.00,,,,,
CW8,normal_severe_conflicts,일반 보행자 심각 상충 건수,0.0,0.0,0.00±0.00,0.0,0.0,0.00±0.00,0.0,0.0,0.00±0.00,,,,,
CW8,elderly_incomplete_crossing,고령자 신호 내 횡단 미완료,0.0,0.0,0.00±0.00,0.0,0.0,0.00±0.00,0.0,0.0,0.00±0.00,,,,,
CW8,normal_incomplete_crossing,일반 보행자 신호 내 횡단 미완료,0.0,0.0,0.00±0.00,0.0,0.0,0.00±0.00,0.0,0.0,0.00±0.00,,,,,
CW8,elderly_risk_score,고령자 가중 위험도(1인당),,,NA,,,NA,,,NA,,,,,
CW8,normal_risk_score,일반 보행자 위험도(1인당),,,NA,,,NA,,,NA,,,,,
CW8,total_risk_score,통합 위험도(1인당),,,NA,,,NA,,,NA,,,,,
CW8,spillback_count,spillback 발생 횟수,0.0,0.0,0.00±0.00,0.0,0.0,0.00±0.00,0.0,0.0,0.00±0.00,,,,,
CW9,vehicle_avg_wait_sec,차량 평균 대기시간(초/대),61.93591690489804,1.5299790820723018,61.94±1.53,49.41943842113114,2.083556908060756,49.42±2.08,51.49866386439599,10.857334774198181,51.50±10.86,20.208756258482175,16.851696983074206,,,
CW9,vehicle_max_queue_veh,차량 최대 대기행렬(대),0.0,0.0,0.00±0.00,0.0,0.0,0.00±0.00,0.0,0.0,0.00±0.00,,,,,
CW9,ped_avg_wait_sec,보행자 평균 대기시간(초/인),20.76966037735849,1.3385311629998236,20.77±1.34,20.843703532329755,1.103547503637016,20.84±1.10,21.040776445576903,0.9727642658580737,21.04±0.97,-0.3564967054154633,-1.3053466609110358,,,
CW9,pet_mean_sec,PET 평균(초),41.531320861678005,2.8390433933674992,41.53±2.84,35.932232751390586,7.317925204677271,35.93±7.32,36.3483715762877,7.905505577143341,36.35±7.91,-13.481603748976445,-12.479615812490918,,,
CW9,elderly_pet_mean_sec,고령자 PET 평균(초),42.003952569169954,6.125117947041935,42.00±6.13,36.32371541501976,8.824770854651009,36.32±8.82,35.47477884434406,7.158435340639188,35.47±7.16,-13.523101533828912,-15.54418888097254,,,
CW9,normal_pet_mean_sec,일반 보행자 PET 평균(초),41.44875727128503,2.7005573435100576,41.45±2.70,35.87036991654951,7.290543864590555,35.87±7.29,36.50815209312001,8.215311513800813,36.51±8.22,-13.458515337925785,-11.919790853627802,,,
CW9,severe_conflicts,심각 상충 건수,12.4,1.6733200530681511,12.40±1.67,12.6,4.560701700396551,12.60±4.56,15.0,9.354143466934854,15.00±9.35,-1.6129032258064457,-20.967741935483865,,,
CW9,medium_conflicts,중간 상충 건수,2.2,4.381780460041329,2.20±4.38,2.4,3.7815340802378072,2.40±3.78,1.8,4.024922359499622,1.80±4.02,-9.09090909090908,18.181818181818183,,,
CW9,elderly_severe_conflicts,고령자 심각 상충 건수,1.8,0.8366600265340756,1.80±0.84,1.8,1.30384048104053,1.80±1.30,1.8,2.1679483388678804,1.80±2.17,0.0,0.0,,,
CW9,normal_severe_conflicts,일반 보행자 심각 상충 건수,10.6,1.3416407864998738,10.60±1.34,10.8,3.5637059362410923,10.80±3.56,13.2,7.5960516059331775,13.20±7.60,-1.8867924528301987,-24.528301886792452,,,
CW9,elderly_incomplete_crossing,고령자 신호 내 횡단 미완료,5.2,1.3038404810405297,5.20±1.30,4.0,1.5811388300841898,4.00±1.58,3.6,1.3416407864998738,3.60±1.34,23.076923076923077,30.76923076923077,,,
CW9,normal_incomplete_crossing,일반 보행자 신호 내 횡단 미완료,16.6,4.159326868617084,16.60±4.16,16.0,2.345207879911715,16.00±2.35,16.2,3.1144823004794873,16.20±3.11,3.6144578313253093,2.40963855421688,,,
CW9,elderly_risk_score,고령자 가중 위험도(1인당),0.07700175336060784,0.03545922277923235,0.08±0.04,0.07714786674459381,0.05625981961993396,0.08±0.06,0.07744009351256576,0.09351399262865213,0.08±0.09,-0.18975332068310954,-0.5692599620493286,-0.18975332068310954,,
CW9,normal_risk_score,일반 보행자 위험도(1인당),0.032396008024436464,0.004091832960279559,0.03±0.00,0.03295150286054486,0.010810922841931176,0.03±0.01,0.040394154452524214,0.0233426795589847,0.04±0.02,-1.7147015017695455,-24.68867899419802,,-1.7147015017695455,
CW9,total_risk_score,통합 위험도(1인당),0.039137335803574536,0.006640669251393906,0.04±0.01,0.03962564540984727,0.01622277279127306,0.04±0.02,0.045969713511355995,0.03195012440074874,0.05±0.03,-1.2476822866111745,-17.457442024343,,,-1.2476822866111745
CW9,spillback_count,spillback 발생 횟수,0.0,0.0,0.00±0.00,0.0,0.0,0.00±0.00,0.0,0.0,0.00±0.00,,,,,
CW10,vehicle_avg_wait_sec,차량 평균 대기시간(초/대),,,NA,,,NA,,,NA,,,,,
CW10,vehicle_max_queue_veh,차량 최대 대기행렬(대),0.0,0.0,0.00±0.00,0.0,0.0,0.00±0.00,0.0,0.0,0.00±0.00,,,,,
CW10,ped_avg_wait_sec,보행자 평균 대기시간(초/인),28.21133406399929,0.8699253650635378,28.21±0.87,28.997350077220414,0.8941196751770342,29.00±0.89,28.909327492361257,1.2377824259878676,28.91±1.24,-2.786171017074187,-2.474159594078479,,,
CW10,pet_mean_sec,PET 평균(초),,,NA,,,NA,,,NA,,,,,
CW10,elderly_pet_mean_sec,고령자 PET 평균(초),,,NA,,,NA,,,NA,,,,,
CW10,normal_pet_mean_sec,일반 보행자 PET 평균(초),,,NA,,,NA,,,NA,,,,,
CW10,severe_conflicts,심각 상충 건수,0.0,0.0,0.00±0.00,0.0,0.0,0.00±0.00,0.0,0.0,0.00±0.00,,,,,
CW10,medium_conflicts,중간 상충 건수,0.0,0.0,0.00±0.00,0.0,0.0,0.00±0.00,0.0,0.0,0.00±0.00,,,,,
CW10,elderly_severe_conflicts,고령자 심각 상충 건수,0.0,0.0,0.00±0.00,0.0,0.0,0.00±0.00,0.0,0.0,0.00±0.00,,,,,
CW10,normal_severe_conflicts,일반 보행자 심각 상충 건수,0.0,0.0,0.00±0.00,0.0,0.0,0.00±0.00,0.0,0.0,0.00±0.00,,,,,
CW10,elderly_incomplete_crossing,고령자 신호 내 횡단 미완료,3.0,0.7071067811865476,3.00±0.71,3.2,1.0954451150103321,3.20±1.10,2.6,1.140175425099138,2.60±1.14,-6.666666666666672,13.33333333333333,,,
CW10,normal_incomplete_crossing,일반 보행자 신호 내 횡단 미완료,13.2,2.2803508501982757,13.20±2.28,10.0,3.391164991562634,10.00±3.39,10.6,1.816590212458495,10.60±1.82,24.24242424242424,19.696969696969695,,,
CW10,elderly_risk_score,고령자 가중 위험도(1인당),0.0,0.0,0.00±0.00,0.0,0.0,0.00±0.00,0.0,0.0,0.00±0.00,,,,,
CW10,normal_risk_score,일반 보행자 위험도(1인당),0.0,0.0,0.00±0.00,0.0,0.0,0.00±0.00,0.0,0.0,0.00±0.00,,,,,
CW10,total_risk_score,통합 위험도(1인당),0.0,0.0,0.00±0.00,0.0,0.0,0.00±0.00,0.0,0.0,0.00±0.00,,,,,
CW10,spillback_count,spillback 발생 횟수,0.0,0.0,0.00±0.00,0.0,0.0,0.00±0.00,0.0,0.0,0.00±0.00,,,,,
ALL,vehicle_avg_wait_sec,차량 평균 대기시간(초/대),86.74680838465926,2.206860525030281,86.75±2.21,86.14244148694979,2.483029559575485,86.14±2.48,76.57957638612609,5.327188183492661,76.58±5.33,0.6967021714845564,11.72058337114705,,,
ALL,vehicle_max_queue_veh,차량 최대 대기행렬(대),31.4,0.5477225575051661,31.40±0.55,34.0,1.7320508075688772,34.00±1.73,30.6,1.3416407864998738,30.60±1.34,-8.280254777070068,2.5477707006369337,,,
ALL,ped_avg_wait_sec,보행자 평균 대기시간(초/인),17.148504309355676,0.35824725032021637,17.15±0.36,17.14823837115054,0.1890336035946535,17.15±0.19,17.076119835360107,0.42001541685283067,17.08±0.42,0.0015507953366548323,0.4221037163927982,,,
ALL,pet_mean_sec,PET 평균(초),9.402444461783436,0.8896340602615033,9.40±0.89,8.742006407357398,0.9726350259321308,8.74±0.97,10.903097224291662,1.8306665741521695,10.90±1.83,-7.024110135512222,15.960240643884488,,,
ALL,elderly_pet_mean_sec,고령자 PET 평균(초),9.341934090637945,1.2407885608396165,9.34±1.24,8.357311374462647,0.7170497408735069,8.36±0.72,11.228349291902504,1.7297465061025137,11.23±1.73,-10.539816558565125,20.192983411808015,,,
ALL,normal_pet_mean_sec,일반 보행자 PET 평균(초),9.4149097508626,0.8462853461868458,9.41±0.85,8.822326910909222,1.099058579247367,8.82±1.10,10.834312822374466,1.8755572883447753,10.83±1.88,-6.29408943510144,15.076119783111242,,,
ALL,severe_conflicts,심각 상충 건수,639.6,5.941380311005179,639.60±5.94,639.2,9.418067742376884,639.20±9.42,598.4,25.185313180502643,598.40±25.19,0.06253908692932728,6.441525953721082,,,
ALL,medium_conflicts,중간 상충 건수,11.4,6.308724118235002,11.40±6.31,14.2,8.136338242723197,14.20±8.14,12.2,7.259476565152615,12.20±7.26,-24.56140350877192,-7.017543859649113,,,
ALL,elderly_severe_conflicts,고령자 심각 상충 건수,114.4,2.408318915758459,114.40±2.41,113.4,2.3021728866442674,113.40±2.30,103.0,4.06201920231798,103.00±4.06,0.8741258741258741,9.965034965034969,,,
ALL,normal_severe_conflicts,일반 보행자 심각 상충 건수,525.2,5.805170109479997,525.20±5.81,525.8,7.328028384224504,525.80±7.33,495.4,23.469128658729534,495.40±23.47,-0.11424219345009692,5.674028941355687,,,
ALL,elderly_incomplete_crossing,고령자 신호 내 횡단 미완료,33.4,5.856620185738529,33.40±5.86,31.4,3.5777087639996634,31.40±3.58,26.0,4.527692569068709,26.00±4.53,5.9880239520958085,22.15568862275449,,,
ALL,normal_incomplete_crossing,일반 보행자 신호 내 횡단 미완료,99.6,7.893034904268446,99.60±7.89,92.2,8.167006795638166,92.20±8.17,81.0,9.1104335791443,81.00±9.11,7.429718875502001,18.67469879518072,,,
ALL,elderly_risk_score,고령자 가중 위험도(1인당),0.7622558316671926,0.01510555908374279,0.76±0.02,0.7543993077111198,0.01577152509212682,0.75±0.02,0.6881935786234225,0.028667314099818847,0.69±0.03,1.0306938470892475,9.716193693367025,1.0306938470892475,,
ALL,normal_risk_score,일반 보행자 위험도(1인당),0.32387439908198123,0.0031225825315811073,0.32±0.00,0.3225337961106182,0.00405549108921329,0.32±0.00,0.3054516535468781,0.014137893628464933,0.31±0.01,0.4139268108757406,5.688237658586858,,0.4139268108757406,
ALL,total_risk_score,통합 위험도(1인당),0.4062467253220029,0.003268918627723621,0.41±0.00,0.40343510897565676,0.005844982535518913,0.40±0.01,0.37719946825541883,0.014127474257222945,0.38±0.01,0.692095756370114,7.15015168271458,,,0.692095756370114
ALL,spillback_count,spillback 발생 횟수,93.6,29.74558790812513,93.60±29.75,174.0,34.022051672408,174.00±34.02,130.8,33.51417610504546,130.80±33.51,-85.89743589743591,-39.743589743589766,,,
